<?xml version="1.0" encoding="UTF-8" standalone="no"?>
<!--
To change this template, choose Tools | Templates
and open the template in the editor.
--><Gestures>
    <!--
    <Gesture category="alphabets" name="V">
        <Point X="0" Y="0"/>
        <Point X="2" Y="8"/>
        <Point X="4" Y="16"/>
        <Point X="6" Y="24"/>
        <Point X="8" Y="32"/>
        <Point X="10" Y="40"/>
        <Point X="12" Y="48"/>
        <Point X="14" Y="56"/>
        <Point X="16" Y="64"/>
        <Point X="18" Y="72"/>
        <Point X="20" Y="80"/>
        <Point X="22" Y="88"/>
        <Point X="24" Y="96"/>
        <Point X="26" Y="104"/>
        <Point X="28" Y="112"/>
        <Point X="30" Y="120"/>
        <Point X="32" Y="128"/>
        <Point X="34" Y="136"/>
        <Point X="36" Y="144"/>
        <Point X="38" Y="152"/>
        <Point X="40" Y="160"/>
        <Point X="42" Y="168"/>
        <Point X="44" Y="176"/>
        <Point X="46" Y="184"/>
        <Point X="48" Y="192"/>
        <Point X="50" Y="200"/>
        <Point X="52" Y="192"/>
        <Point X="54" Y="184"/>
        <Point X="56" Y="176"/>
        <Point X="58" Y="168"/>
        <Point X="60" Y="160"/>
        <Point X="62" Y="152"/>
        <Point X="64" Y="144"/>
        <Point X="66" Y="136"/>
        <Point X="68" Y="128"/>
        <Point X="70" Y="120"/>
        <Point X="72" Y="112"/>
        <Point X="74" Y="104"/>
        <Point X="76" Y="96"/>
        <Point X="78" Y="88"/>
        <Point X="80" Y="80"/>
        <Point X="82" Y="72"/>
        <Point X="84" Y="64"/>
        <Point X="86" Y="56"/>
        <Point X="88" Y="48"/>
        <Point X="90" Y="40"/>
        <Point X="92" Y="32"/>
        <Point X="94" Y="24"/>
        <Point X="96" Y="16"/>
        <Point X="98" Y="8"/>
        <Point X="100" Y="0"/>
    </Gesture>
    -->

<Gesture category="alphabets" name="A">
<Point X="158" Y="316"/>
<Point X="163" Y="300"/>
<Point X="168" Y="284"/>
<Point X="172" Y="268"/>
<Point X="175" Y="251"/>
<Point X="181" Y="236"/>
<Point X="188" Y="232"/>
<Point X="197" Y="217"/>
<Point X="204" Y="201"/>
<Point X="212" Y="186"/>
<Point X="216" Y="170"/>
<Point X="221" Y="154"/>
<Point X="228" Y="138"/>
<Point X="236" Y="123"/>
<Point X="244" Y="110"/>
<Point X="252" Y="100"/>
<Point X="263" Y="87"/>
<Point X="273" Y="74"/>
<Point X="273" Y="89"/>
<Point X="273" Y="105"/>
<Point X="273" Y="121"/>
<Point X="274" Y="137"/>
<Point X="277" Y="153"/>
<Point X="279" Y="169"/>
<Point X="281" Y="185"/>
<Point X="284" Y="201"/>
<Point X="285" Y="217"/>
<Point X="288" Y="233"/>
<Point X="290" Y="249"/>
<Point X="292" Y="265"/>
<Point X="294" Y="281"/>
<Point X="297" Y="296"/>
<Point X="298" Y="312"/>
<Point X="296" Y="319"/>
<Point X="288" Y="305"/>
<Point X="280" Y="290"/>
<Point X="271" Y="276"/>
<Point X="259" Y="264"/>
<Point X="246" Y="253"/>
<Point X="232" Y="243"/>
<Point X="219" Y="233"/>
<Point X="207" Y="222"/>
<Point X="192" Y="214"/>
<Point X="203" Y="218"/>
<Point X="219" Y="214"/>
<Point X="234" Y="208"/>
<Point X="249" Y="201"/>
<Point X="264" Y="194"/>
<Point X="279" Y="186"/>
<Point X="294" Y="179"/>
<Point X="309" Y="171"/>
<Point X="324" Y="164"/>
<Point X="339" Y="157"/>
<Point X="354" Y="150"/>
<Point X="368" Y="141"/>
<Point X="383" Y="134"/>
<Point X="398" Y="127"/>
<Point X="413" Y="120"/>
<Point X="421" Y="122"/>
<Point X="422" Y="121"/>
</Gesture>
<Gesture category="alphabets" name="B">
<Point X="179" Y="319"/>
<Point X="180" Y="305"/>
<Point X="184" Y="292"/>
<Point X="189" Y="279"/>
<Point X="193" Y="267"/>
<Point X="195" Y="252"/>
<Point X="196" Y="237"/>
<Point X="194" Y="221"/>
<Point X="190" Y="208"/>
<Point X="190" Y="192"/>
<Point X="189" Y="176"/>
<Point X="192" Y="161"/>
<Point X="194" Y="146"/>
<Point X="191" Y="134"/>
<Point X="193" Y="119"/>
<Point X="199" Y="106"/>
<Point X="199" Y="94"/>
<Point X="203" Y="83"/>
<Point X="212" Y="81"/>
<Point X="226" Y="77"/>
<Point X="241" Y="76"/>
<Point X="254" Y="80"/>
<Point X="263" Y="89"/>
<Point X="274" Y="95"/>
<Point X="279" Y="108"/>
<Point X="282" Y="123"/>
<Point X="284" Y="137"/>
<Point X="286" Y="151"/>
<Point X="283" Y="166"/>
<Point X="275" Y="178"/>
<Point X="265" Y="189"/>
<Point X="254" Y="199"/>
<Point X="240" Y="206"/>
<Point X="225" Y="210"/>
<Point X="219" Y="210"/>
<Point X="233" Y="206"/>
<Point X="248" Y="203"/>
<Point X="263" Y="201"/>
<Point X="278" Y="199"/>
<Point X="293" Y="197"/>
<Point X="308" Y="197"/>
<Point X="322" Y="199"/>
<Point X="334" Y="207"/>
<Point X="342" Y="219"/>
<Point X="346" Y="232"/>
<Point X="348" Y="246"/>
<Point X="348" Y="261"/>
<Point X="349" Y="274"/>
<Point X="341" Y="286"/>
<Point X="330" Y="296"/>
<Point X="318" Y="305"/>
<Point X="304" Y="312"/>
<Point X="290" Y="319"/>
<Point X="275" Y="325"/>
<Point X="260" Y="328"/>
<Point X="245" Y="332"/>
<Point X="233" Y="335"/>
<Point X="218" Y="331"/>
<Point X="203" Y="326"/>
<Point X="191" Y="320"/>
</Gesture>
<Gesture category="alphabets" name="C">
<Point X="283" Y="74"/>
<Point X="275" Y="70"/>
<Point X="266" Y="67"/>
<Point X="257" Y="64"/>
<Point X="247" Y="64"/>
<Point X="237" Y="64"/>
<Point X="227" Y="64"/>
<Point X="218" Y="67"/>
<Point X="209" Y="69"/>
<Point X="200" Y="72"/>
<Point X="191" Y="75"/>
<Point X="182" Y="78"/>
<Point X="173" Y="81"/>
<Point X="168" Y="88"/>
<Point X="161" Y="93"/>
<Point X="155" Y="100"/>
<Point X="148" Y="106"/>
<Point X="144" Y="114"/>
<Point X="139" Y="122"/>
<Point X="135" Y="130"/>
<Point X="133" Y="139"/>
<Point X="133" Y="148"/>
<Point X="133" Y="157"/>
<Point X="133" Y="166"/>
<Point X="133" Y="175"/>
<Point X="133" Y="184"/>
<Point X="133" Y="193"/>
<Point X="131" Y="202"/>
<Point X="131" Y="211"/>
<Point X="131" Y="220"/>
<Point X="131" Y="229"/>
<Point X="133" Y="237"/>
<Point X="134" Y="246"/>
<Point X="135" Y="255"/>
<Point X="137" Y="264"/>
<Point X="140" Y="272"/>
<Point X="141" Y="279"/>
<Point X="143" Y="286"/>
<Point X="149" Y="292"/>
<Point X="156" Y="298"/>
<Point X="163" Y="302"/>
<Point X="170" Y="307"/>
<Point X="178" Y="311"/>
<Point X="185" Y="315"/>
<Point X="192" Y="320"/>
<Point X="200" Y="324"/>
<Point X="208" Y="326"/>
<Point X="216" Y="328"/>
<Point X="225" Y="330"/>
<Point X="233" Y="332"/>
<Point X="241" Y="333"/>
<Point X="250" Y="333"/>
<Point X="259" Y="333"/>
<Point X="268" Y="332"/>
<Point X="277" Y="331"/>
<Point X="286" Y="330"/>
<Point X="295" Y="327"/>
<Point X="303" Y="324"/>
<Point X="308" Y="316"/>
<Point X="313" Y="308"/>
<Point X="319" Y="300"/>
</Gesture>
<Gesture category="alphabets" name="D">
<Point X="175" Y="344"/>
<Point X="174" Y="328"/>
<Point X="177" Y="314"/>
<Point X="179" Y="298"/>
<Point X="181" Y="282"/>
<Point X="181" Y="267"/>
<Point X="180" Y="252"/>
<Point X="173" Y="241"/>
<Point X="179" Y="231"/>
<Point X="183" Y="217"/>
<Point X="185" Y="204"/>
<Point X="189" Y="190"/>
<Point X="195" Y="175"/>
<Point X="201" Y="161"/>
<Point X="205" Y="146"/>
<Point X="206" Y="130"/>
<Point X="210" Y="116"/>
<Point X="213" Y="101"/>
<Point X="197" Y="104"/>
<Point X="202" Y="103"/>
<Point X="211" Y="98"/>
<Point X="226" Y="96"/>
<Point X="241" Y="96"/>
<Point X="256" Y="97"/>
<Point X="271" Y="100"/>
<Point X="286" Y="102"/>
<Point X="301" Y="106"/>
<Point X="314" Y="112"/>
<Point X="327" Y="116"/>
<Point X="339" Y="124"/>
<Point X="350" Y="135"/>
<Point X="359" Y="147"/>
<Point X="366" Y="160"/>
<Point X="374" Y="172"/>
<Point X="380" Y="186"/>
<Point X="384" Y="201"/>
<Point X="387" Y="216"/>
<Point X="388" Y="231"/>
<Point X="388" Y="246"/>
<Point X="387" Y="261"/>
<Point X="385" Y="276"/>
<Point X="382" Y="290"/>
<Point X="375" Y="304"/>
<Point X="366" Y="316"/>
<Point X="356" Y="327"/>
<Point X="345" Y="336"/>
<Point X="333" Y="344"/>
<Point X="319" Y="349"/>
<Point X="306" Y="354"/>
<Point X="291" Y="359"/>
<Point X="275" Y="363"/>
<Point X="259" Y="364"/>
<Point X="245" Y="366"/>
<Point X="229" Y="365"/>
<Point X="213" Y="365"/>
<Point X="197" Y="364"/>
<Point X="182" Y="359"/>
<Point X="167" Y="356"/>
<Point X="164" Y="353"/>
<Point X="149" Y="347"/>
</Gesture>
<Gesture category="alphabets" name="E">
<Point X="327" Y="79"/>
<Point X="316" Y="79"/>
<Point X="305" Y="79"/>
<Point X="294" Y="79"/>
<Point X="283" Y="80"/>
<Point X="272" Y="80"/>
<Point X="261" Y="80"/>
<Point X="250" Y="80"/>
<Point X="239" Y="80"/>
<Point X="230" Y="81"/>
<Point X="230" Y="91"/>
<Point X="230" Y="101"/>
<Point X="231" Y="111"/>
<Point X="233" Y="121"/>
<Point X="234" Y="131"/>
<Point X="234" Y="141"/>
<Point X="234" Y="151"/>
<Point X="234" Y="161"/>
<Point X="234" Y="171"/>
<Point X="237" Y="180"/>
<Point X="243" Y="182"/>
<Point X="253" Y="180"/>
<Point X="263" Y="178"/>
<Point X="273" Y="177"/>
<Point X="283" Y="177"/>
<Point X="293" Y="177"/>
<Point X="303" Y="177"/>
<Point X="313" Y="177"/>
<Point X="322" Y="177"/>
<Point X="311" Y="176"/>
<Point X="300" Y="176"/>
<Point X="289" Y="176"/>
<Point X="278" Y="176"/>
<Point X="267" Y="176"/>
<Point X="256" Y="176"/>
<Point X="245" Y="176"/>
<Point X="234" Y="176"/>
<Point X="228" Y="181"/>
<Point X="230" Y="191"/>
<Point X="233" Y="201"/>
<Point X="235" Y="211"/>
<Point X="237" Y="221"/>
<Point X="238" Y="231"/>
<Point X="240" Y="241"/>
<Point X="244" Y="250"/>
<Point X="244" Y="260"/>
<Point X="244" Y="270"/>
<Point X="244" Y="280"/>
<Point X="244" Y="290"/>
<Point X="245" Y="299"/>
<Point X="255" Y="298"/>
<Point X="265" Y="295"/>
<Point X="275" Y="294"/>
<Point X="285" Y="292"/>
<Point X="295" Y="290"/>
<Point X="305" Y="288"/>
<Point X="315" Y="287"/>
<Point X="325" Y="285"/>
<Point X="335" Y="284"/>
<Point X="345" Y="283"/>
<Point X="355" Y="282"/>
<Point X="365" Y="281"/>
</Gesture>
<Gesture category="alphabets" name="F">
<Point X="280" Y="121"/>
<Point X="270" Y="121"/>
<Point X="260" Y="121"/>
<Point X="250" Y="123"/>
<Point X="240" Y="124"/>
<Point X="230" Y="125"/>
<Point X="221" Y="129"/>
<Point X="212" Y="130"/>
<Point X="203" Y="130"/>
<Point X="194" Y="131"/>
<Point X="190" Y="136"/>
<Point X="190" Y="145"/>
<Point X="192" Y="154"/>
<Point X="192" Y="163"/>
<Point X="192" Y="172"/>
<Point X="195" Y="180"/>
<Point X="195" Y="189"/>
<Point X="194" Y="198"/>
<Point X="193" Y="207"/>
<Point X="192" Y="216"/>
<Point X="192" Y="225"/>
<Point X="190" Y="234"/>
<Point X="190" Y="243"/>
<Point X="190" Y="252"/>
<Point X="190" Y="261"/>
<Point X="190" Y="270"/>
<Point X="190" Y="279"/>
<Point X="190" Y="288"/>
<Point X="190" Y="297"/>
<Point X="190" Y="306"/>
<Point X="190" Y="315"/>
<Point X="190" Y="324"/>
<Point X="190" Y="333"/>
<Point X="189" Y="342"/>
<Point X="187" Y="350"/>
<Point X="184" Y="340"/>
<Point X="184" Y="330"/>
<Point X="181" Y="321"/>
<Point X="177" Y="312"/>
<Point X="179" Y="302"/>
<Point X="180" Y="292"/>
<Point X="181" Y="282"/>
<Point X="183" Y="273"/>
<Point X="182" Y="265"/>
<Point X="182" Y="255"/>
<Point X="183" Y="245"/>
<Point X="183" Y="235"/>
<Point X="184" Y="225"/>
<Point X="189" Y="220"/>
<Point X="198" Y="220"/>
<Point X="207" Y="220"/>
<Point X="216" Y="220"/>
<Point X="225" Y="220"/>
<Point X="234" Y="220"/>
<Point X="243" Y="220"/>
<Point X="252" Y="221"/>
<Point X="261" Y="220"/>
<Point X="270" Y="219"/>
<Point X="279" Y="217"/>
<Point X="288" Y="216"/>
<Point X="297" Y="214"/>
<Point X="296" Y="214"/>
</Gesture>
<Gesture category="alphabets" name="G">
<Point X="223" Y="103"/>
<Point X="213" Y="99"/>
<Point X="203" Y="98"/>
<Point X="192" Y="97"/>
<Point X="180" Y="99"/>
<Point X="169" Y="101"/>
<Point X="159" Y="106"/>
<Point X="148" Y="109"/>
<Point X="138" Y="114"/>
<Point X="128" Y="119"/>
<Point X="118" Y="124"/>
<Point X="110" Y="131"/>
<Point X="102" Y="139"/>
<Point X="95" Y="147"/>
<Point X="88" Y="155"/>
<Point X="83" Y="165"/>
<Point X="79" Y="175"/>
<Point X="77" Y="185"/>
<Point X="73" Y="195"/>
<Point X="70" Y="205"/>
<Point X="69" Y="216"/>
<Point X="68" Y="227"/>
<Point X="67" Y="238"/>
<Point X="67" Y="249"/>
<Point X="68" Y="260"/>
<Point X="71" Y="270"/>
<Point X="74" Y="280"/>
<Point X="83" Y="286"/>
<Point X="93" Y="290"/>
<Point X="98" Y="298"/>
<Point X="107" Y="302"/>
<Point X="116" Y="306"/>
<Point X="126" Y="309"/>
<Point X="137" Y="309"/>
<Point X="148" Y="307"/>
<Point X="157" Y="301"/>
<Point X="166" Y="295"/>
<Point X="174" Y="287"/>
<Point X="182" Y="280"/>
<Point X="185" Y="276"/>
<Point X="189" Y="267"/>
<Point X="185" Y="256"/>
<Point X="181" Y="245"/>
<Point X="175" Y="235"/>
<Point X="169" Y="225"/>
<Point X="162" Y="217"/>
<Point X="173" Y="217"/>
<Point X="184" Y="217"/>
<Point X="194" Y="214"/>
<Point X="201" Y="216"/>
<Point X="201" Y="227"/>
<Point X="201" Y="238"/>
<Point X="204" Y="248"/>
<Point X="210" Y="256"/>
<Point X="208" Y="265"/>
<Point X="208" Y="276"/>
<Point X="210" Y="286"/>
<Point X="211" Y="296"/>
<Point X="214" Y="306"/>
<Point X="217" Y="316"/>
<Point X="220" Y="326"/>
</Gesture>
<Gesture category="alphabets" name="H">
<Point X="171" Y="92"/>
<Point X="178" Y="102"/>
<Point X="180" Y="118"/>
<Point X="182" Y="134"/>
<Point X="191" Y="144"/>
<Point X="196" Y="157"/>
<Point X="197" Y="173"/>
<Point X="197" Y="189"/>
<Point X="197" Y="205"/>
<Point X="197" Y="221"/>
<Point X="197" Y="237"/>
<Point X="199" Y="250"/>
<Point X="199" Y="266"/>
<Point X="200" Y="282"/>
<Point X="200" Y="298"/>
<Point X="201" Y="314"/>
<Point X="204" Y="327"/>
<Point X="207" Y="341"/>
<Point X="211" Y="354"/>
<Point X="209" Y="337"/>
<Point X="204" Y="321"/>
<Point X="204" Y="304"/>
<Point X="203" Y="287"/>
<Point X="194" Y="275"/>
<Point X="190" Y="261"/>
<Point X="190" Y="244"/>
<Point X="190" Y="227"/>
<Point X="190" Y="210"/>
<Point X="204" Y="207"/>
<Point X="213" Y="217"/>
<Point X="229" Y="217"/>
<Point X="244" Y="215"/>
<Point X="259" Y="212"/>
<Point X="275" Y="207"/>
<Point X="289" Y="205"/>
<Point X="299" Y="194"/>
<Point X="299" Y="177"/>
<Point X="300" Y="160"/>
<Point X="298" Y="144"/>
<Point X="296" Y="127"/>
<Point X="293" Y="111"/>
<Point X="291" Y="99"/>
<Point X="290" Y="82"/>
<Point X="293" Y="82"/>
<Point X="290" Y="98"/>
<Point X="291" Y="114"/>
<Point X="292" Y="130"/>
<Point X="294" Y="146"/>
<Point X="296" Y="162"/>
<Point X="298" Y="178"/>
<Point X="303" Y="193"/>
<Point X="305" Y="209"/>
<Point X="306" Y="225"/>
<Point X="308" Y="241"/>
<Point X="312" Y="256"/>
<Point X="314" Y="272"/>
<Point X="316" Y="288"/>
<Point X="318" Y="304"/>
<Point X="326" Y="317"/>
<Point X="327" Y="333"/>
</Gesture>
<Gesture category="alphabets" name="I">
<Point X="162" Y="91"/>
<Point X="177" Y="89"/>
<Point X="192" Y="88"/>
<Point X="207" Y="87"/>
<Point X="222" Y="85"/>
<Point X="237" Y="84"/>
<Point X="252" Y="84"/>
<Point X="267" Y="84"/>
<Point X="282" Y="84"/>
<Point X="297" Y="80"/>
<Point X="312" Y="80"/>
<Point X="327" Y="80"/>
<Point X="342" Y="79"/>
<Point X="357" Y="77"/>
<Point X="367" Y="76"/>
<Point X="351" Y="77"/>
<Point X="335" Y="80"/>
<Point X="321" Y="84"/>
<Point X="307" Y="87"/>
<Point X="291" Y="87"/>
<Point X="275" Y="90"/>
<Point X="265" Y="94"/>
<Point X="269" Y="109"/>
<Point X="272" Y="124"/>
<Point X="274" Y="139"/>
<Point X="275" Y="154"/>
<Point X="277" Y="169"/>
<Point X="280" Y="184"/>
<Point X="282" Y="199"/>
<Point X="284" Y="214"/>
<Point X="287" Y="229"/>
<Point X="285" Y="244"/>
<Point X="285" Y="259"/>
<Point X="286" Y="274"/>
<Point X="285" Y="289"/>
<Point X="290" Y="298"/>
<Point X="291" Y="313"/>
<Point X="291" Y="328"/>
<Point X="279" Y="334"/>
<Point X="263" Y="338"/>
<Point X="247" Y="341"/>
<Point X="231" Y="343"/>
<Point X="216" Y="348"/>
<Point X="200" Y="349"/>
<Point X="189" Y="356"/>
<Point X="190" Y="356"/>
<Point X="191" Y="356"/>
<Point X="206" Y="356"/>
<Point X="221" Y="351"/>
<Point X="236" Y="350"/>
<Point X="251" Y="350"/>
<Point X="266" Y="350"/>
<Point X="281" Y="350"/>
<Point X="294" Y="358"/>
<Point X="306" Y="367"/>
<Point X="320" Y="371"/>
<Point X="335" Y="371"/>
<Point X="350" Y="370"/>
<Point X="365" Y="368"/>
<Point X="380" Y="366"/>
<Point X="394" Y="365"/>
</Gesture>
<Gesture category="alphabets" name="J">
<Point X="159" Y="107"/>
<Point X="172" Y="107"/>
<Point X="185" Y="105"/>
<Point X="198" Y="103"/>
<Point X="211" Y="103"/>
<Point X="225" Y="104"/>
<Point X="239" Y="104"/>
<Point X="253" Y="104"/>
<Point X="267" Y="104"/>
<Point X="281" Y="104"/>
<Point X="295" Y="104"/>
<Point X="309" Y="104"/>
<Point X="323" Y="104"/>
<Point X="337" Y="104"/>
<Point X="351" Y="104"/>
<Point X="365" Y="103"/>
<Point X="379" Y="102"/>
<Point X="393" Y="102"/>
<Point X="387" Y="101"/>
<Point X="372" Y="101"/>
<Point X="357" Y="102"/>
<Point X="342" Y="103"/>
<Point X="328" Y="101"/>
<Point X="313" Y="100"/>
<Point X="306" Y="107"/>
<Point X="306" Y="121"/>
<Point X="306" Y="135"/>
<Point X="308" Y="148"/>
<Point X="309" Y="162"/>
<Point X="309" Y="176"/>
<Point X="309" Y="190"/>
<Point X="309" Y="204"/>
<Point X="309" Y="218"/>
<Point X="309" Y="232"/>
<Point X="309" Y="246"/>
<Point X="309" Y="260"/>
<Point X="309" Y="274"/>
<Point X="310" Y="288"/>
<Point X="310" Y="302"/>
<Point X="310" Y="316"/>
<Point X="315" Y="325"/>
<Point X="312" Y="338"/>
<Point X="308" Y="350"/>
<Point X="299" Y="357"/>
<Point X="284" Y="357"/>
<Point X="270" Y="358"/>
<Point X="256" Y="360"/>
<Point X="242" Y="362"/>
<Point X="228" Y="364"/>
<Point X="213" Y="365"/>
<Point X="200" Y="359"/>
<Point X="187" Y="354"/>
<Point X="173" Y="348"/>
<Point X="159" Y="343"/>
<Point X="149" Y="333"/>
<Point X="144" Y="321"/>
<Point X="146" Y="307"/>
<Point X="150" Y="293"/>
<Point X="154" Y="279"/>
<Point X="156" Y="268"/>
</Gesture>
<Gesture category="alphabets" name="K">
<Point X="180" Y="90"/>
<Point X="185" Y="104"/>
<Point X="188" Y="121"/>
<Point X="188" Y="139"/>
<Point X="187" Y="153"/>
<Point X="186" Y="171"/>
<Point X="185" Y="189"/>
<Point X="184" Y="207"/>
<Point X="183" Y="225"/>
<Point X="183" Y="243"/>
<Point X="181" Y="260"/>
<Point X="184" Y="277"/>
<Point X="186" Y="294"/>
<Point X="188" Y="311"/>
<Point X="188" Y="329"/>
<Point X="192" Y="343"/>
<Point X="193" Y="341"/>
<Point X="195" Y="322"/>
<Point X="192" Y="304"/>
<Point X="186" Y="288"/>
<Point X="186" Y="269"/>
<Point X="189" Y="251"/>
<Point X="191" Y="238"/>
<Point X="193" Y="220"/>
<Point X="204" Y="206"/>
<Point X="218" Y="194"/>
<Point X="235" Y="191"/>
<Point X="248" Y="179"/>
<Point X="260" Y="165"/>
<Point X="272" Y="152"/>
<Point X="285" Y="139"/>
<Point X="298" Y="126"/>
<Point X="311" Y="115"/>
<Point X="327" Y="107"/>
<Point X="333" Y="104"/>
<Point X="321" Y="117"/>
<Point X="308" Y="130"/>
<Point X="294" Y="142"/>
<Point X="281" Y="154"/>
<Point X="268" Y="167"/>
<Point X="255" Y="179"/>
<Point X="242" Y="192"/>
<Point X="228" Y="204"/>
<Point X="217" Y="218"/>
<Point X="202" Y="229"/>
<Point X="188" Y="240"/>
<Point X="182" Y="252"/>
<Point X="197" Y="261"/>
<Point X="212" Y="269"/>
<Point X="225" Y="281"/>
<Point X="239" Y="291"/>
<Point X="253" Y="301"/>
<Point X="269" Y="307"/>
<Point X="285" Y="313"/>
<Point X="301" Y="320"/>
<Point X="317" Y="326"/>
<Point X="331" Y="333"/>
<Point X="330" Y="334"/>
<Point X="348" Y="336"/>
<Point X="365" Y="337"/>
</Gesture>
<Gesture category="alphabets" name="L">
<Point X="191" Y="79"/>
<Point X="191" Y="86"/>
<Point X="191" Y="93"/>
<Point X="191" Y="100"/>
<Point X="191" Y="107"/>
<Point X="191" Y="114"/>
<Point X="191" Y="121"/>
<Point X="190" Y="128"/>
<Point X="189" Y="135"/>
<Point X="189" Y="142"/>
<Point X="188" Y="149"/>
<Point X="188" Y="156"/>
<Point X="187" Y="163"/>
<Point X="186" Y="170"/>
<Point X="186" Y="177"/>
<Point X="185" Y="184"/>
<Point X="185" Y="191"/>
<Point X="184" Y="198"/>
<Point X="184" Y="205"/>
<Point X="182" Y="212"/>
<Point X="180" Y="219"/>
<Point X="180" Y="226"/>
<Point X="179" Y="233"/>
<Point X="179" Y="240"/>
<Point X="179" Y="247"/>
<Point X="179" Y="254"/>
<Point X="179" Y="261"/>
<Point X="179" Y="268"/>
<Point X="179" Y="275"/>
<Point X="178" Y="282"/>
<Point X="178" Y="289"/>
<Point X="178" Y="296"/>
<Point X="178" Y="303"/>
<Point X="178" Y="310"/>
<Point X="178" Y="317"/>
<Point X="178" Y="324"/>
<Point X="178" Y="330"/>
<Point X="185" Y="330"/>
<Point X="192" Y="330"/>
<Point X="198" Y="333"/>
<Point X="205" Y="335"/>
<Point X="212" Y="335"/>
<Point X="219" Y="336"/>
<Point X="226" Y="336"/>
<Point X="233" Y="336"/>
<Point X="240" Y="336"/>
<Point X="247" Y="336"/>
<Point X="254" Y="336"/>
<Point X="261" Y="336"/>
<Point X="268" Y="336"/>
<Point X="275" Y="336"/>
<Point X="282" Y="336"/>
<Point X="289" Y="336"/>
<Point X="296" Y="337"/>
<Point X="303" Y="338"/>
<Point X="310" Y="338"/>
<Point X="317" Y="338"/>
<Point X="324" Y="338"/>
<Point X="331" Y="338"/>
<Point X="338" Y="338"/>
<Point X="345" Y="338"/>
<Point X="352" Y="338"/>
<Point X="359" Y="338"/>
<Point X="366" Y="338"/>
<Point X="373" Y="338"/>
<Point X="380" Y="338"/>
</Gesture>
<Gesture category="alphabets" name="M">
<Point X="128" Y="330"/>
<Point X="128" Y="317"/>
<Point X="124" Y="304"/>
<Point X="125" Y="289"/>
<Point X="129" Y="276"/>
<Point X="131" Y="262"/>
<Point X="133" Y="248"/>
<Point X="136" Y="234"/>
<Point X="139" Y="220"/>
<Point X="142" Y="206"/>
<Point X="145" Y="193"/>
<Point X="140" Y="184"/>
<Point X="134" Y="174"/>
<Point X="136" Y="160"/>
<Point X="139" Y="146"/>
<Point X="141" Y="132"/>
<Point X="142" Y="118"/>
<Point X="144" Y="104"/>
<Point X="148" Y="94"/>
<Point X="144" Y="106"/>
<Point X="149" Y="118"/>
<Point X="155" Y="130"/>
<Point X="163" Y="141"/>
<Point X="171" Y="152"/>
<Point X="178" Y="164"/>
<Point X="183" Y="176"/>
<Point X="187" Y="189"/>
<Point X="192" Y="201"/>
<Point X="199" Y="213"/>
<Point X="207" Y="208"/>
<Point X="215" Y="196"/>
<Point X="222" Y="183"/>
<Point X="230" Y="171"/>
<Point X="238" Y="159"/>
<Point X="248" Y="149"/>
<Point X="258" Y="139"/>
<Point X="268" Y="129"/>
<Point X="278" Y="119"/>
<Point X="288" Y="110"/>
<Point X="298" Y="101"/>
<Point X="309" Y="92"/>
<Point X="307" Y="101"/>
<Point X="307" Y="115"/>
<Point X="307" Y="129"/>
<Point X="307" Y="143"/>
<Point X="306" Y="157"/>
<Point X="306" Y="171"/>
<Point X="305" Y="185"/>
<Point X="304" Y="199"/>
<Point X="304" Y="213"/>
<Point X="303" Y="227"/>
<Point X="302" Y="241"/>
<Point X="302" Y="255"/>
<Point X="302" Y="269"/>
<Point X="302" Y="283"/>
<Point X="302" Y="297"/>
<Point X="302" Y="311"/>
<Point X="302" Y="325"/>
<Point X="302" Y="339"/>
<Point X="303" Y="353"/>
</Gesture>
<Gesture category="alphabets" name="N">
<Point X="146" Y="323"/>
<Point X="149" Y="310"/>
<Point X="151" Y="297"/>
<Point X="155" Y="284"/>
<Point X="159" Y="271"/>
<Point X="161" Y="257"/>
<Point X="163" Y="243"/>
<Point X="165" Y="229"/>
<Point X="168" Y="216"/>
<Point X="171" Y="203"/>
<Point X="171" Y="189"/>
<Point X="173" Y="175"/>
<Point X="175" Y="161"/>
<Point X="178" Y="148"/>
<Point X="186" Y="137"/>
<Point X="188" Y="124"/>
<Point X="190" Y="110"/>
<Point X="193" Y="97"/>
<Point X="197" Y="87"/>
<Point X="202" Y="99"/>
<Point X="207" Y="111"/>
<Point X="211" Y="123"/>
<Point X="214" Y="135"/>
<Point X="218" Y="147"/>
<Point X="220" Y="160"/>
<Point X="224" Y="172"/>
<Point X="227" Y="184"/>
<Point X="230" Y="197"/>
<Point X="236" Y="208"/>
<Point X="241" Y="220"/>
<Point X="249" Y="229"/>
<Point X="255" Y="240"/>
<Point X="258" Y="253"/>
<Point X="262" Y="265"/>
<Point X="270" Y="271"/>
<Point X="274" Y="283"/>
<Point X="279" Y="295"/>
<Point X="286" Y="305"/>
<Point X="297" Y="309"/>
<Point X="308" Y="308"/>
<Point X="315" Y="302"/>
<Point X="320" Y="289"/>
<Point X="325" Y="276"/>
<Point X="330" Y="263"/>
<Point X="335" Y="250"/>
<Point X="339" Y="237"/>
<Point X="343" Y="224"/>
<Point X="347" Y="211"/>
<Point X="351" Y="198"/>
<Point X="355" Y="185"/>
<Point X="358" Y="171"/>
<Point X="361" Y="158"/>
<Point X="358" Y="145"/>
<Point X="357" Y="132"/>
<Point X="360" Y="119"/>
<Point X="363" Y="106"/>
<Point X="366" Y="93"/>
<Point X="367" Y="79"/>
<Point X="366" Y="65"/>
<Point X="365" Y="51"/>
</Gesture>
<Gesture category="alphabets" name="O">
<Point X="266" Y="89"/>
<Point X="250" Y="89"/>
<Point X="231" Y="92"/>
<Point X="212" Y="95"/>
<Point X="193" Y="96"/>
<Point X="177" Y="103"/>
<Point X="160" Y="111"/>
<Point X="145" Y="122"/>
<Point X="129" Y="132"/>
<Point X="118" Y="146"/>
<Point X="110" Y="162"/>
<Point X="102" Y="178"/>
<Point X="95" Y="195"/>
<Point X="91" Y="213"/>
<Point X="94" Y="227"/>
<Point X="103" Y="239"/>
<Point X="108" Y="256"/>
<Point X="114" Y="273"/>
<Point X="120" Y="290"/>
<Point X="133" Y="299"/>
<Point X="143" Y="314"/>
<Point X="155" Y="327"/>
<Point X="169" Y="336"/>
<Point X="185" Y="343"/>
<Point X="201" Y="350"/>
<Point X="218" Y="355"/>
<Point X="236" Y="357"/>
<Point X="253" Y="362"/>
<Point X="271" Y="362"/>
<Point X="288" Y="358"/>
<Point X="305" Y="354"/>
<Point X="322" Y="348"/>
<Point X="333" Y="346"/>
<Point X="349" Y="338"/>
<Point X="358" Y="336"/>
<Point X="371" Y="324"/>
<Point X="384" Y="310"/>
<Point X="395" Y="295"/>
<Point X="400" Y="281"/>
<Point X="410" Y="266"/>
<Point X="417" Y="249"/>
<Point X="421" Y="231"/>
<Point X="425" Y="213"/>
<Point X="427" Y="194"/>
<Point X="427" Y="175"/>
<Point X="423" Y="157"/>
<Point X="413" Y="142"/>
<Point X="401" Y="128"/>
<Point X="385" Y="117"/>
<Point X="370" Y="106"/>
<Point X="354" Y="97"/>
<Point X="335" Y="97"/>
<Point X="316" Y="96"/>
<Point X="298" Y="96"/>
<Point X="279" Y="93"/>
<Point X="261" Y="93"/>
<Point X="242" Y="95"/>
<Point X="223" Y="96"/>
<Point X="204" Y="97"/>
<Point X="185" Y="99"/>
</Gesture>
<Gesture category="alphabets" name="P">
<Point X="184" Y="349"/>
<Point X="183" Y="338"/>
<Point X="183" Y="326"/>
<Point X="183" Y="314"/>
<Point X="181" Y="304"/>
<Point X="182" Y="293"/>
<Point X="181" Y="282"/>
<Point X="181" Y="271"/>
<Point X="179" Y="262"/>
<Point X="179" Y="250"/>
<Point X="179" Y="238"/>
<Point X="179" Y="226"/>
<Point X="179" Y="214"/>
<Point X="180" Y="203"/>
<Point X="182" Y="192"/>
<Point X="185" Y="181"/>
<Point X="186" Y="170"/>
<Point X="186" Y="158"/>
<Point X="183" Y="153"/>
<Point X="182" Y="144"/>
<Point X="178" Y="134"/>
<Point X="179" Y="123"/>
<Point X="181" Y="112"/>
<Point X="182" Y="101"/>
<Point X="183" Y="90"/>
<Point X="189" Y="90"/>
<Point X="199" Y="88"/>
<Point X="210" Y="87"/>
<Point X="220" Y="85"/>
<Point X="231" Y="85"/>
<Point X="242" Y="85"/>
<Point X="252" Y="84"/>
<Point X="263" Y="84"/>
<Point X="267" Y="89"/>
<Point X="277" Y="91"/>
<Point X="286" Y="94"/>
<Point X="295" Y="99"/>
<Point X="304" Y="103"/>
<Point X="311" Y="109"/>
<Point X="318" Y="117"/>
<Point X="322" Y="126"/>
<Point X="326" Y="134"/>
<Point X="327" Y="144"/>
<Point X="325" Y="154"/>
<Point X="320" Y="163"/>
<Point X="316" Y="172"/>
<Point X="309" Y="180"/>
<Point X="303" Y="189"/>
<Point X="294" Y="195"/>
<Point X="285" Y="201"/>
<Point X="274" Y="205"/>
<Point X="265" Y="210"/>
<Point X="254" Y="211"/>
<Point X="244" Y="215"/>
<Point X="233" Y="218"/>
<Point X="222" Y="219"/>
<Point X="211" Y="220"/>
<Point X="199" Y="220"/>
<Point X="188" Y="219"/>
<Point X="182" Y="215"/>
</Gesture>
<Gesture category="alphabets" name="Q">
<Point X="303" Y="310"/>
<Point X="321" Y="301"/>
<Point X="336" Y="287"/>
<Point X="349" Y="271"/>
<Point X="356" Y="252"/>
<Point X="361" Y="233"/>
<Point X="365" Y="213"/>
<Point X="367" Y="193"/>
<Point X="360" Y="177"/>
<Point X="350" Y="158"/>
<Point X="335" Y="150"/>
<Point X="321" Y="136"/>
<Point X="306" Y="123"/>
<Point X="289" Y="111"/>
<Point X="269" Y="104"/>
<Point X="253" Y="94"/>
<Point X="233" Y="89"/>
<Point X="212" Y="89"/>
<Point X="192" Y="89"/>
<Point X="178" Y="97"/>
<Point X="164" Y="111"/>
<Point X="151" Y="127"/>
<Point X="141" Y="144"/>
<Point X="135" Y="163"/>
<Point X="127" Y="182"/>
<Point X="121" Y="202"/>
<Point X="118" Y="222"/>
<Point X="119" Y="242"/>
<Point X="127" Y="259"/>
<Point X="136" Y="276"/>
<Point X="147" Y="292"/>
<Point X="164" Y="302"/>
<Point X="180" Y="314"/>
<Point X="198" Y="322"/>
<Point X="216" Y="330"/>
<Point X="236" Y="333"/>
<Point X="256" Y="335"/>
<Point X="275" Y="333"/>
<Point X="291" Y="320"/>
<Point X="305" Y="315"/>
<Point X="313" Y="300"/>
<Point X="301" Y="283"/>
<Point X="288" Y="266"/>
<Point X="272" Y="252"/>
<Point X="261" Y="236"/>
<Point X="246" Y="223"/>
<Point X="231" Y="213"/>
<Point X="227" Y="213"/>
<Point X="244" Y="220"/>
<Point X="258" Y="234"/>
<Point X="271" Y="249"/>
<Point X="278" Y="268"/>
<Point X="292" Y="283"/>
<Point X="303" Y="300"/>
<Point X="315" Y="316"/>
<Point X="325" Y="334"/>
<Point X="339" Y="348"/>
<Point X="348" Y="365"/>
<Point X="359" Y="381"/>
<Point X="372" Y="397"/>
</Gesture>
<Gesture category="alphabets" name="R">
<Point X="168" Y="335"/>
<Point X="167" Y="321"/>
<Point X="168" Y="307"/>
<Point X="169" Y="293"/>
<Point X="171" Y="279"/>
<Point X="172" Y="264"/>
<Point X="172" Y="249"/>
<Point X="176" Y="235"/>
<Point X="178" Y="221"/>
<Point X="181" Y="207"/>
<Point X="178" Y="194"/>
<Point X="178" Y="179"/>
<Point X="180" Y="165"/>
<Point X="181" Y="150"/>
<Point X="183" Y="136"/>
<Point X="188" Y="123"/>
<Point X="191" Y="109"/>
<Point X="192" Y="99"/>
<Point X="195" Y="86"/>
<Point X="198" Y="76"/>
<Point X="211" Y="74"/>
<Point X="225" Y="72"/>
<Point X="239" Y="71"/>
<Point X="253" Y="71"/>
<Point X="267" Y="71"/>
<Point X="280" Y="73"/>
<Point X="293" Y="77"/>
<Point X="303" Y="84"/>
<Point X="314" Y="92"/>
<Point X="322" Y="102"/>
<Point X="326" Y="115"/>
<Point X="328" Y="128"/>
<Point X="328" Y="142"/>
<Point X="326" Y="156"/>
<Point X="322" Y="169"/>
<Point X="315" Y="180"/>
<Point X="304" Y="188"/>
<Point X="292" Y="196"/>
<Point X="280" Y="202"/>
<Point X="268" Y="209"/>
<Point X="254" Y="213"/>
<Point X="240" Y="217"/>
<Point X="225" Y="218"/>
<Point X="210" Y="218"/>
<Point X="196" Y="217"/>
<Point X="185" Y="212"/>
<Point X="183" Y="215"/>
<Point X="192" Y="225"/>
<Point X="199" Y="237"/>
<Point X="207" Y="248"/>
<Point X="212" Y="261"/>
<Point X="218" Y="273"/>
<Point X="227" Y="283"/>
<Point X="237" Y="292"/>
<Point X="244" Y="304"/>
<Point X="253" Y="314"/>
<Point X="260" Y="325"/>
<Point X="268" Y="335"/>
<Point X="271" Y="346"/>
<Point X="283" Y="352"/>
</Gesture>
<Gesture category="alphabets" name="S">
<Point X="325" Y="76"/>
<Point X="314" Y="71"/>
<Point X="303" Y="65"/>
<Point X="291" Y="63"/>
<Point X="278" Y="62"/>
<Point X="265" Y="61"/>
<Point X="253" Y="65"/>
<Point X="241" Y="70"/>
<Point X="229" Y="74"/>
<Point X="217" Y="78"/>
<Point X="205" Y="81"/>
<Point X="194" Y="87"/>
<Point X="185" Y="93"/>
<Point X="182" Y="103"/>
<Point X="181" Y="115"/>
<Point X="181" Y="127"/>
<Point X="182" Y="139"/>
<Point X="184" Y="151"/>
<Point X="188" Y="162"/>
<Point X="197" Y="169"/>
<Point X="208" Y="172"/>
<Point X="220" Y="172"/>
<Point X="231" Y="174"/>
<Point X="243" Y="174"/>
<Point X="255" Y="174"/>
<Point X="267" Y="174"/>
<Point X="279" Y="174"/>
<Point X="291" Y="174"/>
<Point X="302" Y="176"/>
<Point X="313" Y="178"/>
<Point X="324" Y="180"/>
<Point X="334" Y="185"/>
<Point X="342" Y="193"/>
<Point X="345" Y="204"/>
<Point X="348" Y="215"/>
<Point X="350" Y="226"/>
<Point X="352" Y="237"/>
<Point X="350" Y="249"/>
<Point X="348" Y="261"/>
<Point X="344" Y="272"/>
<Point X="342" Y="283"/>
<Point X="336" Y="293"/>
<Point X="328" Y="302"/>
<Point X="318" Y="307"/>
<Point X="308" Y="314"/>
<Point X="297" Y="319"/>
<Point X="285" Y="321"/>
<Point X="273" Y="324"/>
<Point X="260" Y="324"/>
<Point X="247" Y="325"/>
<Point X="234" Y="325"/>
<Point X="221" Y="325"/>
<Point X="208" Y="325"/>
<Point X="195" Y="324"/>
<Point X="183" Y="322"/>
<Point X="171" Y="319"/>
<Point X="160" Y="313"/>
<Point X="149" Y="307"/>
<Point X="140" Y="297"/>
<Point X="132" Y="289"/>
</Gesture>
<Gesture category="alphabets" name="T">
<Point X="154" Y="77"/>
<Point X="165" Y="77"/>
<Point X="176" Y="77"/>
<Point X="187" Y="77"/>
<Point X="198" Y="77"/>
<Point X="209" Y="77"/>
<Point X="220" Y="77"/>
<Point X="231" Y="77"/>
<Point X="242" Y="77"/>
<Point X="253" Y="77"/>
<Point X="264" Y="77"/>
<Point X="275" Y="77"/>
<Point X="286" Y="77"/>
<Point X="297" Y="77"/>
<Point X="308" Y="77"/>
<Point X="319" Y="77"/>
<Point X="330" Y="77"/>
<Point X="341" Y="77"/>
<Point X="352" Y="77"/>
<Point X="363" Y="77"/>
<Point X="374" Y="81"/>
<Point X="385" Y="81"/>
<Point X="396" Y="81"/>
<Point X="407" Y="81"/>
<Point X="418" Y="81"/>
<Point X="429" Y="82"/>
<Point X="431" Y="82"/>
<Point X="419" Y="82"/>
<Point X="407" Y="82"/>
<Point X="395" Y="82"/>
<Point X="383" Y="82"/>
<Point X="371" Y="82"/>
<Point X="359" Y="82"/>
<Point X="347" Y="82"/>
<Point X="336" Y="83"/>
<Point X="324" Y="83"/>
<Point X="312" Y="83"/>
<Point X="300" Y="83"/>
<Point X="290" Y="84"/>
<Point X="291" Y="95"/>
<Point X="293" Y="106"/>
<Point X="293" Y="117"/>
<Point X="293" Y="128"/>
<Point X="293" Y="139"/>
<Point X="293" Y="150"/>
<Point X="293" Y="161"/>
<Point X="293" Y="172"/>
<Point X="293" Y="183"/>
<Point X="292" Y="194"/>
<Point X="291" Y="205"/>
<Point X="291" Y="216"/>
<Point X="289" Y="227"/>
<Point X="287" Y="238"/>
<Point X="286" Y="249"/>
<Point X="286" Y="260"/>
<Point X="285" Y="271"/>
<Point X="285" Y="282"/>
<Point X="285" Y="293"/>
<Point X="285" Y="304"/>
<Point X="286" Y="315"/>
<Point X="288" Y="326"/>
<Point X="290" Y="335"/>
<Point X="289" Y="345"/>
</Gesture>
<Gesture category="alphabets" name="U">
<Point X="164" Y="51"/>
<Point X="168" Y="62"/>
<Point X="173" Y="71"/>
<Point X="173" Y="84"/>
<Point X="173" Y="97"/>
<Point X="175" Y="108"/>
<Point X="175" Y="121"/>
<Point X="173" Y="133"/>
<Point X="172" Y="146"/>
<Point X="170" Y="158"/>
<Point X="169" Y="171"/>
<Point X="169" Y="184"/>
<Point X="174" Y="192"/>
<Point X="175" Y="204"/>
<Point X="176" Y="216"/>
<Point X="178" Y="228"/>
<Point X="178" Y="241"/>
<Point X="179" Y="253"/>
<Point X="184" Y="261"/>
<Point X="186" Y="273"/>
<Point X="186" Y="286"/>
<Point X="187" Y="298"/>
<Point X="191" Y="309"/>
<Point X="197" Y="320"/>
<Point X="205" Y="329"/>
<Point X="214" Y="336"/>
<Point X="226" Y="339"/>
<Point X="238" Y="341"/>
<Point X="250" Y="343"/>
<Point X="262" Y="346"/>
<Point X="274" Y="348"/>
<Point X="285" Y="349"/>
<Point X="298" Y="347"/>
<Point X="311" Y="346"/>
<Point X="322" Y="344"/>
<Point X="329" Y="337"/>
<Point X="328" Y="329"/>
<Point X="335" Y="319"/>
<Point X="340" Y="308"/>
<Point X="347" Y="299"/>
<Point X="351" Y="286"/>
<Point X="355" Y="273"/>
<Point X="359" Y="260"/>
<Point X="357" Y="250"/>
<Point X="356" Y="243"/>
<Point X="352" Y="236"/>
<Point X="355" Y="224"/>
<Point X="357" Y="211"/>
<Point X="358" Y="198"/>
<Point X="360" Y="185"/>
<Point X="356" Y="174"/>
<Point X="357" Y="160"/>
<Point X="357" Y="148"/>
<Point X="354" Y="138"/>
<Point X="355" Y="124"/>
<Point X="356" Y="110"/>
<Point X="355" Y="96"/>
<Point X="354" Y="91"/>
<Point X="355" Y="78"/>
<Point X="353" Y="71"/>
</Gesture>
<Gesture category="alphabets" name="V">
<Point X="131" Y="60"/>
<Point X="137" Y="68"/>
<Point X="141" Y="77"/>
<Point X="145" Y="87"/>
<Point X="149" Y="97"/>
<Point X="154" Y="106"/>
<Point X="158" Y="115"/>
<Point X="162" Y="125"/>
<Point X="168" Y="133"/>
<Point X="172" Y="142"/>
<Point X="176" Y="152"/>
<Point X="180" Y="162"/>
<Point X="183" Y="172"/>
<Point X="186" Y="182"/>
<Point X="189" Y="192"/>
<Point X="193" Y="201"/>
<Point X="197" Y="211"/>
<Point X="201" Y="220"/>
<Point X="204" Y="230"/>
<Point X="209" Y="239"/>
<Point X="212" Y="249"/>
<Point X="216" Y="258"/>
<Point X="220" Y="268"/>
<Point X="227" Y="276"/>
<Point X="230" Y="286"/>
<Point X="231" Y="296"/>
<Point X="236" Y="305"/>
<Point X="241" Y="314"/>
<Point X="243" Y="324"/>
<Point X="250" Y="330"/>
<Point X="259" Y="335"/>
<Point X="265" Y="334"/>
<Point X="273" Y="327"/>
<Point X="280" Y="318"/>
<Point X="285" Y="308"/>
<Point X="291" Y="298"/>
<Point X="296" Y="288"/>
<Point X="300" Y="278"/>
<Point X="305" Y="268"/>
<Point X="311" Y="258"/>
<Point X="316" Y="248"/>
<Point X="321" Y="238"/>
<Point X="325" Y="228"/>
<Point X="326" Y="218"/>
<Point X="328" Y="207"/>
<Point X="331" Y="196"/>
<Point X="335" Y="185"/>
<Point X="339" Y="175"/>
<Point X="343" Y="165"/>
<Point X="342" Y="154"/>
<Point X="347" Y="144"/>
<Point X="352" Y="134"/>
<Point X="357" Y="124"/>
<Point X="360" Y="115"/>
<Point X="364" Y="105"/>
<Point X="370" Y="96"/>
<Point X="375" Y="87"/>
<Point X="380" Y="77"/>
<Point X="383" Y="70"/>
<Point X="387" Y="62"/>
<Point X="393" Y="53"/>
</Gesture>
<Gesture category="alphabets" name="W">
<Point X="78" Y="71"/>
<Point X="92" Y="78"/>
<Point X="100" Y="91"/>
<Point X="106" Y="106"/>
<Point X="118" Y="115"/>
<Point X="126" Y="129"/>
<Point X="135" Y="143"/>
<Point X="141" Y="158"/>
<Point X="145" Y="174"/>
<Point X="151" Y="189"/>
<Point X="156" Y="205"/>
<Point X="163" Y="220"/>
<Point X="170" Y="234"/>
<Point X="176" Y="249"/>
<Point X="180" Y="264"/>
<Point X="185" Y="279"/>
<Point X="188" Y="295"/>
<Point X="190" Y="311"/>
<Point X="196" Y="326"/>
<Point X="203" Y="340"/>
<Point X="214" Y="337"/>
<Point X="224" Y="323"/>
<Point X="231" Y="307"/>
<Point X="239" Y="292"/>
<Point X="245" Y="276"/>
<Point X="249" Y="260"/>
<Point X="252" Y="243"/>
<Point X="261" Y="228"/>
<Point X="269" Y="213"/>
<Point X="272" Y="197"/>
<Point X="280" Y="191"/>
<Point X="284" Y="207"/>
<Point X="290" Y="222"/>
<Point X="295" Y="238"/>
<Point X="299" Y="254"/>
<Point X="303" Y="270"/>
<Point X="315" Y="281"/>
<Point X="321" Y="296"/>
<Point X="326" Y="312"/>
<Point X="334" Y="326"/>
<Point X="340" Y="340"/>
<Point X="347" Y="349"/>
<Point X="354" Y="333"/>
<Point X="361" Y="318"/>
<Point X="367" Y="302"/>
<Point X="374" Y="287"/>
<Point X="381" Y="271"/>
<Point X="388" Y="255"/>
<Point X="395" Y="240"/>
<Point X="400" Y="223"/>
<Point X="407" Y="207"/>
<Point X="410" Y="194"/>
<Point X="413" Y="177"/>
<Point X="416" Y="160"/>
<Point X="412" Y="155"/>
<Point X="418" Y="139"/>
<Point X="424" Y="123"/>
<Point X="430" Y="108"/>
<Point X="434" Y="96"/>
<Point X="441" Y="81"/>
<Point X="442" Y="72"/>
</Gesture>
<Gesture category="alphabets" name="X">
<Point X="122" Y="93"/>
<Point X="137" Y="101"/>
<Point X="153" Y="109"/>
<Point X="166" Y="120"/>
<Point X="179" Y="132"/>
<Point X="193" Y="143"/>
<Point X="206" Y="155"/>
<Point X="220" Y="166"/>
<Point X="233" Y="177"/>
<Point X="246" Y="188"/>
<Point X="259" Y="199"/>
<Point X="273" Y="210"/>
<Point X="285" Y="223"/>
<Point X="297" Y="236"/>
<Point X="309" Y="249"/>
<Point X="321" Y="261"/>
<Point X="333" Y="274"/>
<Point X="345" Y="287"/>
<Point X="356" Y="301"/>
<Point X="367" Y="314"/>
<Point X="380" Y="325"/>
<Point X="367" Y="318"/>
<Point X="352" Y="306"/>
<Point X="341" Y="291"/>
<Point X="326" Y="279"/>
<Point X="312" Y="266"/>
<Point X="298" Y="254"/>
<Point X="285" Y="240"/>
<Point X="272" Y="228"/>
<Point X="258" Y="218"/>
<Point X="258" Y="201"/>
<Point X="265" Y="184"/>
<Point X="272" Y="167"/>
<Point X="281" Y="152"/>
<Point X="289" Y="136"/>
<Point X="298" Y="120"/>
<Point X="308" Y="105"/>
<Point X="318" Y="90"/>
<Point X="328" Y="75"/>
<Point X="333" Y="63"/>
<Point X="333" Y="79"/>
<Point X="333" Y="95"/>
<Point X="324" Y="110"/>
<Point X="314" Y="125"/>
<Point X="305" Y="141"/>
<Point X="303" Y="158"/>
<Point X="295" Y="174"/>
<Point X="288" Y="190"/>
<Point X="280" Y="206"/>
<Point X="272" Y="222"/>
<Point X="264" Y="238"/>
<Point X="255" Y="254"/>
<Point X="256" Y="261"/>
<Point X="247" Y="276"/>
<Point X="240" Y="292"/>
<Point X="232" Y="308"/>
<Point X="223" Y="323"/>
<Point X="210" Y="336"/>
<Point X="197" Y="349"/>
<Point X="184" Y="361"/>
</Gesture>
<Gesture category="alphabets" name="Y">
<Point X="174" Y="79"/>
<Point X="177" Y="88"/>
<Point X="184" Y="98"/>
<Point X="190" Y="108"/>
<Point X="196" Y="117"/>
<Point X="202" Y="127"/>
<Point X="207" Y="137"/>
<Point X="212" Y="147"/>
<Point X="219" Y="156"/>
<Point X="228" Y="163"/>
<Point X="233" Y="173"/>
<Point X="240" Y="182"/>
<Point X="245" Y="192"/>
<Point X="250" Y="203"/>
<Point X="261" Y="207"/>
<Point X="270" Y="214"/>
<Point X="276" Y="224"/>
<Point X="285" Y="230"/>
<Point X="288" Y="237"/>
<Point X="298" Y="231"/>
<Point X="306" Y="222"/>
<Point X="314" Y="213"/>
<Point X="320" Y="202"/>
<Point X="325" Y="190"/>
<Point X="330" Y="179"/>
<Point X="335" Y="168"/>
<Point X="337" Y="156"/>
<Point X="341" Y="144"/>
<Point X="342" Y="132"/>
<Point X="343" Y="119"/>
<Point X="347" Y="107"/>
<Point X="351" Y="95"/>
<Point X="353" Y="86"/>
<Point X="350" Y="98"/>
<Point X="346" Y="109"/>
<Point X="341" Y="120"/>
<Point X="335" Y="130"/>
<Point X="331" Y="141"/>
<Point X="327" Y="152"/>
<Point X="322" Y="163"/>
<Point X="320" Y="175"/>
<Point X="315" Y="186"/>
<Point X="309" Y="197"/>
<Point X="303" Y="207"/>
<Point X="298" Y="218"/>
<Point X="295" Y="229"/>
<Point X="292" Y="240"/>
<Point X="288" Y="251"/>
<Point X="282" Y="262"/>
<Point X="277" Y="272"/>
<Point X="274" Y="283"/>
<Point X="270" Y="294"/>
<Point X="269" Y="302"/>
<Point X="264" Y="313"/>
<Point X="259" Y="323"/>
<Point X="256" Y="334"/>
<Point X="254" Y="345"/>
<Point X="249" Y="355"/>
<Point X="245" Y="366"/>
<Point X="242" Y="377"/>
<Point X="239" Y="388"/>
</Gesture>
<Gesture category="alphabets" name="Z">
<Point X="158" Y="60"/>
<Point X="173" Y="60"/>
<Point X="188" Y="60"/>
<Point X="203" Y="60"/>
<Point X="218" Y="59"/>
<Point X="233" Y="59"/>
<Point X="248" Y="59"/>
<Point X="263" Y="59"/>
<Point X="278" Y="59"/>
<Point X="293" Y="59"/>
<Point X="308" Y="59"/>
<Point X="323" Y="59"/>
<Point X="338" Y="59"/>
<Point X="353" Y="59"/>
<Point X="356" Y="68"/>
<Point X="370" Y="69"/>
<Point X="378" Y="72"/>
<Point X="367" Y="83"/>
<Point X="356" Y="94"/>
<Point X="346" Y="105"/>
<Point X="336" Y="116"/>
<Point X="326" Y="127"/>
<Point X="316" Y="138"/>
<Point X="305" Y="149"/>
<Point X="294" Y="160"/>
<Point X="283" Y="171"/>
<Point X="272" Y="182"/>
<Point X="261" Y="193"/>
<Point X="250" Y="204"/>
<Point X="239" Y="215"/>
<Point X="228" Y="226"/>
<Point X="217" Y="237"/>
<Point X="207" Y="249"/>
<Point X="197" Y="260"/>
<Point X="187" Y="271"/>
<Point X="178" Y="283"/>
<Point X="168" Y="294"/>
<Point X="159" Y="306"/>
<Point X="149" Y="317"/>
<Point X="140" Y="329"/>
<Point X="131" Y="341"/>
<Point X="121" Y="352"/>
<Point X="122" Y="359"/>
<Point X="137" Y="359"/>
<Point X="152" Y="359"/>
<Point X="167" Y="359"/>
<Point X="181" Y="360"/>
<Point X="195" Y="363"/>
<Point X="210" Y="364"/>
<Point X="225" Y="364"/>
<Point X="240" Y="364"/>
<Point X="255" Y="364"/>
<Point X="270" Y="364"/>
<Point X="285" Y="364"/>
<Point X="300" Y="363"/>
<Point X="315" Y="362"/>
<Point X="330" Y="362"/>
<Point X="345" Y="363"/>
<Point X="360" Y="363"/>
<Point X="375" Y="363"/>
</Gesture>
<Gesture category="developer" name="Shivam">
<Point X="182" Y="153"/>
<Point X="198" Y="152"/>
<Point X="214" Y="149"/>
<Point X="229" Y="153"/>
<Point X="244" Y="154"/>
<Point X="260" Y="153"/>
<Point X="276" Y="149"/>
<Point X="291" Y="144"/>
<Point X="299" Y="145"/>
<Point X="313" Y="136"/>
<Point X="325" Y="128"/>
<Point X="337" Y="117"/>
<Point X="344" Y="103"/>
<Point X="343" Y="87"/>
<Point X="336" Y="76"/>
<Point X="320" Y="81"/>
<Point X="305" Y="87"/>
<Point X="290" Y="95"/>
<Point X="275" Y="103"/>
<Point X="263" Y="114"/>
<Point X="253" Y="127"/>
<Point X="242" Y="139"/>
<Point X="231" Y="152"/>
<Point X="221" Y="165"/>
<Point X="210" Y="178"/>
<Point X="199" Y="191"/>
<Point X="191" Y="200"/>
<Point X="180" Y="213"/>
<Point X="169" Y="225"/>
<Point X="159" Y="238"/>
<Point X="148" Y="250"/>
<Point X="135" Y="261"/>
<Point X="122" Y="272"/>
<Point X="109" Y="283"/>
<Point X="95" Y="293"/>
<Point X="82" Y="303"/>
<Point X="67" Y="312"/>
<Point X="52" Y="320"/>
<Point X="36" Y="325"/>
<Point X="26" Y="312"/>
<Point X="26" Y="295"/>
<Point X="29" Y="278"/>
<Point X="32" Y="261"/>
<Point X="40" Y="246"/>
<Point X="47" Y="231"/>
<Point X="53" Y="218"/>
<Point X="65" Y="207"/>
<Point X="80" Y="200"/>
<Point X="96" Y="199"/>
<Point X="110" Y="206"/>
<Point X="122" Y="217"/>
<Point X="133" Y="228"/>
<Point X="143" Y="241"/>
<Point X="154" Y="253"/>
<Point X="163" Y="267"/>
<Point X="169" Y="282"/>
<Point X="176" Y="297"/>
<Point X="185" Y="310"/>
<Point X="197" Y="321"/>
<Point X="212" Y="327"/>
</Gesture>
<Gesture category="alphabets" name="I">
<Point X="283" Y="80"/>
<Point X="281" Y="84"/>
<Point X="279" Y="88"/>
<Point X="278" Y="92"/>
<Point X="277" Y="96"/>
<Point X="275" Y="100"/>
<Point X="275" Y="104"/>
<Point X="275" Y="108"/>
<Point X="274" Y="112"/>
<Point X="272" Y="116"/>
<Point X="270" Y="120"/>
<Point X="269" Y="124"/>
<Point X="268" Y="128"/>
<Point X="266" Y="132"/>
<Point X="264" Y="136"/>
<Point X="263" Y="140"/>
<Point X="261" Y="144"/>
<Point X="260" Y="148"/>
<Point X="259" Y="152"/>
<Point X="258" Y="156"/>
<Point X="256" Y="160"/>
<Point X="255" Y="164"/>
<Point X="254" Y="168"/>
<Point X="252" Y="172"/>
<Point X="251" Y="176"/>
<Point X="251" Y="180"/>
<Point X="250" Y="184"/>
<Point X="248" Y="188"/>
<Point X="247" Y="192"/>
<Point X="246" Y="196"/>
<Point X="245" Y="200"/>
<Point X="243" Y="204"/>
<Point X="241" Y="208"/>
<Point X="240" Y="212"/>
<Point X="239" Y="216"/>
<Point X="238" Y="220"/>
<Point X="237" Y="224"/>
<Point X="236" Y="228"/>
<Point X="235" Y="232"/>
<Point X="234" Y="236"/>
<Point X="232" Y="240"/>
<Point X="231" Y="244"/>
<Point X="230" Y="248"/>
<Point X="230" Y="252"/>
<Point X="228" Y="256"/>
<Point X="226" Y="260"/>
<Point X="225" Y="264"/>
<Point X="223" Y="268"/>
<Point X="222" Y="272"/>
<Point X="221" Y="276"/>
<Point X="220" Y="280"/>
<Point X="218" Y="284"/>
<Point X="217" Y="288"/>
<Point X="216" Y="292"/>
<Point X="215" Y="296"/>
<Point X="214" Y="300"/>
<Point X="213" Y="304"/>
<Point X="211" Y="308"/>
<Point X="209" Y="312"/>
<Point X="209" Y="316"/>
<Point X="209" Y="320"/>
<Point X="207" Y="324"/>
<Point X="206" Y="328"/>
<Point X="205" Y="332"/>
<Point X="203" Y="336"/>
<Point X="202" Y="340"/>
</Gesture>
<Gesture category="alphabets" name="Q">
<Point X="269" Y="115"/>
<Point X="250" Y="114"/>
<Point X="231" Y="117"/>
<Point X="215" Y="126"/>
<Point X="202" Y="139"/>
<Point X="190" Y="152"/>
<Point X="177" Y="166"/>
<Point X="176" Y="180"/>
<Point X="170" Y="197"/>
<Point X="167" Y="215"/>
<Point X="168" Y="233"/>
<Point X="175" Y="250"/>
<Point X="190" Y="260"/>
<Point X="205" Y="270"/>
<Point X="221" Y="279"/>
<Point X="237" Y="287"/>
<Point X="254" Y="292"/>
<Point X="272" Y="296"/>
<Point X="290" Y="295"/>
<Point X="308" Y="293"/>
<Point X="326" Y="289"/>
<Point X="344" Y="283"/>
<Point X="360" Y="274"/>
<Point X="376" Y="265"/>
<Point X="391" Y="255"/>
<Point X="403" Y="241"/>
<Point X="410" Y="224"/>
<Point X="415" Y="205"/>
<Point X="417" Y="186"/>
<Point X="418" Y="167"/>
<Point X="413" Y="148"/>
<Point X="408" Y="129"/>
<Point X="399" Y="113"/>
<Point X="391" Y="95"/>
<Point X="378" Y="81"/>
<Point X="360" Y="74"/>
<Point X="344" Y="65"/>
<Point X="328" Y="59"/>
<Point X="309" Y="58"/>
<Point X="290" Y="58"/>
<Point X="271" Y="59"/>
<Point X="256" Y="68"/>
<Point X="249" Y="83"/>
<Point X="252" Y="98"/>
<Point X="255" Y="116"/>
<Point X="264" Y="132"/>
<Point X="273" Y="148"/>
<Point X="283" Y="163"/>
<Point X="293" Y="178"/>
<Point X="304" Y="192"/>
<Point X="314" Y="207"/>
<Point X="326" Y="220"/>
<Point X="339" Y="232"/>
<Point X="351" Y="246"/>
<Point X="363" Y="260"/>
<Point X="375" Y="274"/>
<Point X="383" Y="290"/>
<Point X="394" Y="304"/>
<Point X="405" Y="318"/>
<Point X="416" Y="333"/>
</Gesture>
</Gestures>
